{"cameraMode":{"drawMode":0,"name":"Shaded","section":"Shading Mode"},"sceneLighting":false,"audioPlay":false,"sceneViewState":{"showFog":true,"showMaterialUpdate":false,"showSkybox":true,"showFlares":true,"showImageEffects":true,"showParticleSystems":true},"in2DMode":false,"pivot":{"x":-4.111061096191406,"y":1.4775660037994385,"z":6.278949737548828},"rotation":{"x":0.2950266897678375,"y":0.6447266340255737,"z":-0.297510027885437,"w":0.6393548846244812},"size":35.36862564086914,"orthographic":false}